SignalingPath,SpNotation
AGE-RAGE signaling pathway in diabetic complications,sp1
AMPK signaling pathway,sp2
Adipocytokine signaling pathway,sp3
Apelin signaling pathway,sp4
B cell receptor signaling pathway,sp5
C-type lectin receptor signaling pathway,sp6
Calcium signaling pathway,sp7
Chemokine signaling pathway,sp8
ErbB signaling pathway,sp9
Estrogen signaling pathway,sp10
Fc epsilon RI signaling pathway,sp11
FoxO signaling pathway,sp12
Glucagon signaling pathway,sp13
GnRH signaling pathway,sp14
HIF-1 signaling pathway,sp15
Hedgehog signaling pathway,sp16
Hippo signaling pathway,sp17
Hippo signaling pathway - multiple species,sp18
IL-17 signaling pathway,sp19
Insulin signaling pathway,sp20
JAK-STAT signaling pathway,sp21
MAPK signaling pathway,sp22
NF-kappa B signaling pathway,sp23
NOD-like receptor signaling pathway,sp24
Neurotrophin signaling pathway,sp25
Notch signaling pathway,sp26
Oxytocin signaling pathway,sp27
PI3K-Akt signaling pathway,sp28
PPAR signaling pathway,sp29
Phospholipase D signaling pathway,sp30
Prolactin signaling pathway,sp31
RIG-I-like receptor signaling pathway,sp32
Rap1 signaling pathway,sp33
Ras signaling pathway,sp34
Relaxin signaling pathway,sp35
Signaling pathways regulating pluripotency of stem cells,sp36
Sphingolipid signaling pathway,sp37
T cell receptor signaling pathway,sp38
TGF-beta signaling pathway,sp39
TNF signaling pathway,sp40
Thyroid hormone signaling pathway,sp41
Toll-like receptor signaling pathway,sp42
VEGF signaling pathway,sp43
Wnt signaling pathway,sp44
cAMP signaling pathway,sp45
cGMP-PKG signaling pathway,sp46
mTOR signaling pathway,sp47
p53 signaling pathway,sp48
